Name,Review
"Best Digital Marketer In Chandigarh, Best SEO Company in Chandigarh, Web Designer In Chandigarh- Ritesh Verma",5.0(1)
Chandigarh Local SEO - Business Listing Experts,5.0(1)
Business Box - Best Digital Marketing Company in Chandigarh | Web Development Services,5.0(1)
WCRS INDIA,5.0(1)
IBC BADA BUSINESS YOGESH,5.0(1)
"SEO Expert in Chandigarh, [GMB] Google My Business, Promotion",5.0(1)
Davinder Parjapat,5.0(1)
Baldev Kumar & Co.,5.0(1)
"TRIAM CENTRE CHANDIGARH ( coworking space , private Cabin )",5.0(1)
VIPAR Bookkeeping Solutions Pvt. Ltd.,5.0(1)
NAVNEET & COMPANY,5.0(1)
Six Weeks & 6 Months Industrial Training in Chandigarh Mohali Panchkula - ICS Group,5.0(1)
"APR Techno | Digital Marketing Company in Chandigarh, Web Designing & Web Development Company in Chandigarh",5.0(1)
How To Start Business,5.0(1)
Business Analysis & Research Organisation,5.0(1)
Best Ca Services / Firm Registration / Company Incorporation Services / Company Registration Services / LLP Registration,5.0(1)
Royallogics Services Chandigarh,5.0(1)
Business Registration | FSSAI Registration & Renewal | Trademark | GST Registration,5.0(1)
IN Chandigarh,5.0(1)
